ui,intervention,p_self_k,p_other_k,p_beta,p_other_self_k,p_self_choice,p_other_choice,l_self_k,l_other_k,l_beta,l_other_self_k,l_self_choice,l_other_choice,h_self_k,h_other_k,h_beta,h_other_self_k,h_self_choice,h_other_choice
155,0,0.00672499332212691,0.0314242380262433,1.30803471459368,0.0246992447041164,1,0.91304347826087,0.029225202691378,0.138494511241285,1.34827695038949,0.109269308549907,1,0.91304347826087,0.0338724104205812,0.18963694140598,2.15325645940491,0.155764530985399,1,0.91304347826087
332,1,0.00652779142491812,0.0666937317792013,0.940757728527988,0.0601659403542832,1,0.714285714285714,0.0283990862182183,0.350238811232283,1.09123275120176,0.321839725014065,1,0.714285714285714,0.0330435305629358,0.444962036054533,2.02738284219984,0.411918505491597,1,0.714285714285714
548,0,0.0076011446249918,0.0164344239719285,1.75689461940764,0.00883327934693671,1,1,0.0364116796961593,0.0782128479990434,1.82638519455396,0.0418011683028841,1,1,0.047908608944497,0.055890351777456,2.30721463939956,0.00798174283295904,1,1
849,1,0.0373283767633001,0.017171730396964,1.54321163372924,-0.0201566463663362,1,1,0.128623703521574,0.0783080238656996,1.51783630015128,-0.0503156796558748,1,1,0.131112941630128,0.0682324102275505,2.18470238776692,-0.0628805314025776,1,1
893,1,0.00814423140031121,0.0170426475500645,2.67636464382188,0.0088984161497533,1,1,0.0362586535685994,0.0762613070082511,2.73388663893874,0.0400026534396517,1,1,0.0450219471991174,0.0592208861207318,3.87965305704543,0.0141989389216144,1,1
974,1,0.136093434327474,0.125296693171769,1.18658219790688,-0.0107967411557044,0.684210526315789,0.636363636363636,0.540851913736467,0.50163709360504,1.22994780942381,-0.0392148201314266,0.684210526315789,0.636363636363636,0.474606116407526,0.468645573356708,2.47190042867589,-0.00596054305081845,0.684210526315789,0.636363636363636
1019,1,0.00655668631761663,0.433750497156346,1.03774488210243,0.42719381083873,1,0.0454545454545455,0.029819767293755,1.28754406001719,1.4949880432133,1.25772429272344,1,0.0454545454545455,0.0466153647746969,1.5301472065537,4.13799112587611,1.483531841779,1,0.0454545454545455
1083,1,0.0828311516540659,0.121527110723999,1.35355703522361,0.0386959590699327,0.75,0.727272727272727,0.27729419277363,0.444240610692196,1.08816043299657,0.166946417918565,0.75,0.727272727272727,0.25364219796836,0.392043697307802,2.16147504542705,0.138401499339443,0.75,0.727272727272727
1126,0,0.00783396738251287,0.0548194836384355,0.849991475494607,0.0469855162559227,1,0.944444444444444,0.0376105601567214,0.254594639640354,0.910169118473795,0.216984079483632,1,0.944444444444444,0.0475062645736158,0.280971161996995,1.37668821015267,0.233464897423379,1,0.944444444444444
1252,1,0.0120349690004356,0.0282566867915007,0.802114202877509,0.0162217177910651,0.869565217391304,0.869565217391304,0.0517711112119182,0.119790463009581,0.82436226581097,0.068019351797663,0.869565217391304,0.869565217391304,0.0891377120219976,0.122655050740936,1.16493073495272,0.033517338718938,0.869565217391304,0.869565217391304
1363,0,0.018232682712821,0.0873890239909469,0.5570420786575,0.0691563412781259,0.666666666666667,0.75,0.101107597995316,0.348288871880472,0.59262728354876,0.247181273885156,0.666666666666667,0.75,0.214521745348616,0.30213736345015,1.04344280400121,0.0876156181015334,0.666666666666667,0.75
1423,1,0.01142732920925,0.0175312763485653,1.65750665366184,0.00610394713931528,1,0.958333333333333,0.0456765096880549,0.0817797730022172,1.6995572312504,0.0361032633141623,1,0.958333333333333,0.0853604274040926,0.0639084459477699,2.42995914748212,-0.0214519814563227,1,0.958333333333333
1499,0,0.00796598918143617,0.122870904296824,0.735200084057806,0.114904915115388,0.91304347826087,0.5,0.0389427457514624,0.569750845387311,0.88529752463004,0.530808099635849,0.91304347826087,0.5,0.0612446876648805,0.65936593536257,1.47891255668818,0.59812124769769,0.91304347826087,0.5
1867,0,0.19483363751517,0.0710000751154539,0.474361889888611,-0.123833562399716,0.347826086956522,0.625,0.78987354531688,0.304010308622598,0.565799474993071,-0.485863236694282,0.347826086956522,0.625,0.678665377467738,0.398721630950528,1.1327521176204,-0.27994374651721,0.347826086956522,0.625
1870,1,0.0102825422306223,0.236118578241767,0.69701095217979,0.225836036011144,1,0.272727272727273,0.0594029982948553,0.908341042773036,0.876726360610718,0.84893804447818,1,0.272727272727273,0.128987707302104,1.12085021137339,1.7895791846905,0.991862504071286,1,0.272727272727273
2397,0,0.0991660924207004,0.16593903084368,1.46454568109695,0.0667729384229798,0.652173913043478,0.478260869565217,0.434176416625081,0.645045284904953,1.76512174562815,0.210868868279872,0.652173913043478,0.478260869565217,0.410960426283961,0.631071844421661,4.06319426001821,0.2201114181377,0.652173913043478,0.478260869565217
2411,1,0.0134473023768769,0.0348362349585744,0.604985216131548,0.0213889325816975,0.9,0.947368421052632,0.0646286090431732,0.155200934971147,0.635819519566514,0.0905723259279739,0.9,0.947368421052632,0.120914975006227,0.168067440675079,0.952592771059429,0.0471524656688523,0.9,0.947368421052632
2431,1,0.00653435947946113,0.072356630305672,0.973302090624716,0.0658222708262108,1,0.619047619047619,0.0288662077428705,0.414259611956146,1.24788502714905,0.385393404213276,1,0.619047619047619,0.0349778650951355,0.520476202841256,2.32045997496533,0.48549833774612,1,0.619047619047619
2690,0,0.00733607592500002,0.0858227255012128,1.01566668330608,0.0784866495762128,0.956521739130435,0.608695652173913,0.0360346122486236,0.410089674319093,1.17732686560296,0.37405506207047,0.956521739130435,0.608695652173913,0.049964160206708,0.398571554025553,1.78909786972168,0.348607393818845,0.956521739130435,0.608695652173913
2803,0,0.182644005433445,0.432614977241834,1.05182308764633,0.249970971808388,0.458333333333333,0.166666666666667,0.672623011210256,1.17045162708244,1.11074226784291,0.497828615872184,0.458333333333333,0.166666666666667,0.645402331581547,1.22249820158412,3.28104931159143,0.577095870002569,0.458333333333333,0.166666666666667
2854,0,0.00814160649681211,0.0170431507100026,2.67643895145024,0.00890154421319047,1,1,0.0362588183137787,0.076261044831275,2.73387799461922,0.0400022265174963,1,1,0.0450218781511352,0.0592209832330682,3.87965419297934,0.0141991050819331,1,1
2899,0,0.00883550258349915,0.13155722929607,0.738679620796325,0.122721726712571,1,0.526315789473684,0.0390702666382047,0.601942099710172,0.892116378026819,0.562871833071968,1,0.526315789473684,0.0620366619977169,0.819611973253297,1.68892145223297,0.757575311255581,1,0.526315789473684
2959,0,0.00852975762165589,0.11645002296283,0.713003194502842,0.107920265341175,0.954545454545455,0.476190476190476,0.0409307844343847,0.569727439549301,0.888223169355065,0.528796655114916,0.954545454545455,0.476190476190476,0.0656378772674579,0.731064406530958,1.48018942579824,0.6654265292635,0.954545454545455,0.476190476190476
2998,0,0.0193084459591956,0.176482246974634,0.827621562627525,0.157173801015439,0.75,0.333333333333333,0.189805047388171,0.725276816268913,1.21404559098167,0.535471768880742,0.75,0.333333333333333,0.208384206093678,0.880505190600954,2.68506661447626,0.672120984507276,0.75,0.333333333333333
3103,1,0.0116569069105538,0.100642252544331,0.987016618965995,0.0889853456337769,0.875,0.7,0.0556921243434053,0.444882001873445,1.09978922048076,0.38918987753004,0.875,0.7,0.0866986525265545,0.474990314940839,2.02331660258936,0.388291662414284,0.875,0.7
3178,1,0.0164141291925323,0.0162348157379601,1.19134768962809,-0.000179313454572182,0.869565217391304,0.958333333333333,0.0872766379204153,0.0739273830514257,1.25254113826952,-0.0133492548689895,0.869565217391304,0.958333333333333,0.103138030624931,0.0604408147592389,1.6747963909025,-0.0426972158656922,0.869565217391304,0.958333333333333
3210,1,0.00667570042039658,0.0228082500455748,1.24115747898091,0.0161325496251782,1,0.909090909090909,0.029137173263538,0.126869379726554,1.32438456822825,0.0977322064630158,1,0.909090909090909,0.0319782195679082,0.158080001493871,1.86487531154799,0.126101781925963,1,0.909090909090909
3228,1,0.00801454377619853,0.0214505649102538,1.24231341858182,0.0134360211340553,0.958333333333333,0.91304347826087,0.0355819345037836,0.108537445405336,1.30205513227192,0.0729555109015523,0.958333333333333,0.91304347826087,0.0467135148137712,0.120267553013441,1.7813504046164,0.0735540381996702,0.958333333333333,0.91304347826087
3472,0,0.00817073456150643,0.0235160993080082,1.6924486576894,0.0153453647465018,1,0.958333333333333,0.0382848941371155,0.0957045101934401,1.72029342772218,0.0574196160563246,1,0.958333333333333,0.0639059907682355,0.0674550075161825,2.27022855555903,0.00354901674794701,1,0.958333333333333
3624,0,0.110015624104704,0.149072572858722,1.38419952987851,0.039056948754018,0.666666666666667,0.434782608695652,0.482954572416362,0.62755629435899,2.09983789881772,0.144601721942628,0.666666666666667,0.434782608695652,0.449496271279342,0.657337082652202,4.53568254714391,0.20784081137286,0.666666666666667,0.434782608695652
3771,1,0.00788778365638652,0.0175217415282693,1.02665954625118,0.00963395787188275,0.956521739130435,0.956521739130435,0.0363672006055262,0.0823431236708554,1.06282909702071,0.0459759230653292,0.956521739130435,0.956521739130435,0.0539483100454566,0.0671047822205062,1.31508633679362,0.0131564721750496,0.956521739130435,0.956521739130435
3928,1,0.0211969808089078,0.020908047311006,0.661181224243881,-0.000288933497901878,0.9,1,0.0878864898119851,0.10577347679155,0.692736109530232,0.0178869869795652,0.9,1,0.110879977907642,0.117591947801052,0.955895699296384,0.00671196989340996,0.9,1
4164,0,0.0432691221616074,0.0206121062992619,0.782006272347053,-0.0226570158623454,0.727272727272727,1,0.240162676750679,0.0940860142927182,0.869301070640469,-0.14607666245796,0.727272727272727,1,0.307569900422032,0.067710335561677,1.44474720665532,-0.239859564860355,0.727272727272727,1
4231,0,0.0065247018330747,0.0667033850459672,0.940818693188172,0.0601786832128925,1,0.761904761904762,0.0282550306184655,0.315362962738283,1.02774214712981,0.287107932119817,1,0.761904761904762,0.032196977549867,0.410128638771293,1.89837338592071,0.377931661221426,1,0.761904761904762
4241,1,0.00967859783461194,0.0316819630680841,0.740558055578439,0.0220033652334722,0.952380952380952,1,0.0463818399224501,0.137148264149434,0.769334822026557,0.0907664242269841,0.952380952380952,1,0.0852519480623191,0.122549119947408,1.04259220945119,0.0372971718850887,0.952380952380952,1
4625,1,0.172603567987843,0.126205126772633,0.39926178231434,-0.04639844121521,0.375,0.473684210526316,0.715051369818606,0.634621865302109,0.558587540648601,-0.0804295045164976,0.375,0.473684210526316,0.707916752798388,0.858449430882674,1.44876474362631,0.150532678084286,0.375,0.473684210526316
4920,0,0.00754277871646327,0.0156166092655112,1.36175283782721,0.0080738305490479,1,1,0.0346151285027271,0.0720722885261774,1.40370132305722,0.0374571600234503,1,1,0.0469941691628344,0.0541898396740907,1.72243290625683,0.00719567051125626,1,1
4961,1,0.0109028894530105,0.0349535493447771,0.697438338705479,0.0240506598917666,1,0.894736842105263,0.0480939872047446,0.184056629850225,0.748642245680396,0.13596264264548,1,0.894736842105263,0.0732620504296784,0.211437988031157,1.0792286415038,0.138175937601478,1,0.894736842105263
5096,1,0.0081432076663362,0.0170426913031291,2.67642345771214,0.00889948363679286,1,1,0.0362586802796998,0.0762609943165124,2.73388059942047,0.0400023140368126,1,1,0.0450219636222527,0.059220953620831,3.8796525289941,0.0141989899985783,1,1
5113,0,0.00758407682355635,0.631679118321729,2.18674329103988,0.624095041498173,1,0.0434782608695652,0.0342993364324038,1.3726601561404,2.38765813203093,1.33836081970799,1,0.0434782608695652,0.0505859462386381,1.46139528754294,4.80548612593865,1.41080934130431,1,0.0434782608695652
5156,0,0.00724569771067598,0.0556064463142238,1.87318837944886,0.0483607486035479,1,0.869565217391304,0.0319416693153716,0.240808818342638,1.94538715366447,0.208867149027267,1,0.869565217391304,0.0392576803621698,0.220640747738877,2.97457872488081,0.181383067376707,1,0.869565217391304
5273,1,0.0116845456435278,0.0292490008025189,1.18037522487218,0.0175644551589912,0.91304347826087,0.91304347826087,0.0584680642515062,0.128929642744466,1.22950947933242,0.0704615784929596,0.91304347826087,0.91304347826087,0.083561313422578,0.138585837730389,1.83014470090996,0.055024524307811,0.91304347826087,0.91304347826087
5495,0,0.00735878861060147,0.11113414879004,0.879664885819724,0.103775360179439,1,0.571428571428571,0.0328663537016994,0.510912903580546,1.03178383898958,0.478046549878847,1,0.571428571428571,0.0521270514374545,0.571264220683451,1.71191895404358,0.519137169245997,1,0.571428571428571
5654,0,0.00674005880050933,0.222563186251226,1.32821145082556,0.215823127450717,1,0.380952380952381,0.030114568668506,0.799252741982545,1.56298851900755,0.769138173314039,1,0.380952380952381,0.042627375428919,0.868137552883764,3.4986865064798,0.825510177454845,1,0.380952380952381
5822,1,0.00814178902956605,0.0170415506476098,2.67636954865996,0.00889976161804376,1,1,0.0362585911321553,0.0762610510123121,2.73388357826939,0.0400024598801568,1,1,0.0450220569328362,0.0592209403287423,3.87965337698449,0.0141988833959061,1,1
5835,1,0.0148054126972746,0.0416892460690877,0.793719557773945,0.0268838333718131,1,0.888888888888889,0.0838779184381137,0.239073275959823,0.902232512974359,0.15519535752171,1,0.888888888888889,0.100913300341885,0.248880623609623,1.34368271451919,0.147967323267738,1,0.888888888888889
5918,0,0.112237116443016,0.345668954557955,1.39922762755332,0.233431838114939,0.625,0.208333333333333,0.461316608611371,1.00392198531908,1.53408786972254,0.542605376707706,0.625,0.208333333333333,0.432504275342476,1.07212526985138,3.94423764994622,0.639620994508907,0.625,0.208333333333333
6055,0,0.00921479469215118,0.0234207447735777,1.26632676394497,0.0142059500814265,0.958333333333333,0.91304347826087,0.0381892950765323,0.117995278113597,1.32546754996627,0.0798059830370648,0.958333333333333,0.91304347826087,0.0541663787947896,0.139409725748203,1.92818530526642,0.0852433469534135,0.958333333333333,0.91304347826087
6121,0,0.00688288976662195,0.0195705174120942,1.49820633598562,0.0126876276454722,1,1,0.0301212166559457,0.0978540380556911,1.56460871785861,0.0677328213997454,1,1,0.0342253261308917,0.122959064678861,2.20637160859134,0.0887337385479698,1,1
6246,1,0.00816120762378149,0.402320509844891,0.961385245773732,0.394159302221109,1,0.0833333333333333,0.0373384851749382,1.22119604910332,1.27022990401387,1.18385756392838,1,0.0833333333333333,0.0840930387509154,1.4702321767034,3.59736821800879,1.38613913795249,1,0.0833333333333333
6324,1,0.00652127071047292,0.151227912830553,0.923742098628592,0.14470664212008,1,0.5,0.0286603814585261,0.665522427652679,1.18438867669389,0.636862046194153,1,0.5,0.0368043286049955,0.858420214367743,2.59832975681931,0.821615885762748,1,0.5
6332,1,0.00722201979528225,0.215284470743578,0.655114704406374,0.208062450948296,0.958333333333333,0.217391304347826,0.0318661031970528,0.906299940578555,0.885600169216202,0.874433837381502,0.958333333333333,0.217391304347826,0.0511113222563445,1.33311059571246,2.35883971622618,1.28199927345612,0.958333333333333,0.217391304347826
6335,0,0.00717945525865644,0.0204926293001806,1.80727807919013,0.0133131740415241,1,0.958333333333333,0.031500343719866,0.0921430959059186,1.85810479482567,0.0606427521860525,1,0.958333333333333,0.0373840461518659,0.109101709211989,2.68725989005609,0.0717176630601234,1,0.958333333333333
6397,0,0.00772959141967119,0.0158187780683815,1.46962157865237,0.00808918664871031,1,1,0.0358281814827526,0.0735931996312458,1.51781176583318,0.0377650181484932,1,1,0.0517938273280068,0.0532524093324268,1.89537819995134,0.00145858200442001,1,1
6469,1,0.0160571544343663,0.0909929739734663,1.17605809195858,0.0749358195391,0.91304347826087,0.772727272727273,0.0591485593581834,0.356115487817916,1.15175188438743,0.296966928459733,0.91304347826087,0.772727272727273,0.0978752582775513,0.300561074172244,1.86915272060379,0.202685815894693,0.91304347826087,0.772727272727273
6495,0,0.00942285060230305,0.0559603917801016,1.0428265131386,0.0465375411777985,0.956521739130435,0.857142857142857,0.0409696435727256,0.240922059991869,1.08365293692234,0.199952416419143,0.956521739130435,0.857142857142857,0.0518685034560359,0.26759058424597,1.71945724031042,0.215722080789934,0.956521739130435,0.857142857142857
6604,0,0.00814093450837031,0.0170445497756663,2.67646535813661,0.00890361526729602,1,1,0.0362585935427277,0.0762609303966416,2.73388048430507,0.0400023368539139,1,1,0.0450217968089408,0.0592209555196318,3.87964267395035,0.0141991587106909,1,1
6644,0,0.102189427186376,0.0836045197329072,0.573820187165749,-0.0185849074534688,0.583333333333333,0.541666666666667,0.377060949206698,0.39315051609396,0.623620491550787,0.0160895668872622,0.583333333333333,0.541666666666667,0.296845410825551,0.445534584536819,1.04990709750748,0.148689173711268,0.583333333333333,0.541666666666667
6707,1,0.00724676648942346,0.0201166243048121,1.22637623755688,0.0128698578153887,1,1,0.0352491806371663,0.0937223384041073,1.27374899296572,0.058473157766941,1,1,0.0456093433601085,0.0808624542242256,1.59984079749573,0.0352531108641172,1,1
7047,1,0.014576293520087,0.0309597930728737,0.983673778012233,0.0163834995527867,1,1,0.0910888141894694,0.141506666716763,1.05717274421593,0.050417852527294,1,1,0.114652781383465,0.135083539128195,1.54553308450705,0.0204307577447303,1,1
7107,1,0.00836789252977698,0.0652214186953092,0.639384953909107,0.0568535261655322,1,0.65,0.0381259167767515,0.362107808639581,0.739624899100592,0.323981891862829,1,0.65,0.0562924244078,0.523914816693762,1.22610435068565,0.467622392285962,1,0.65
7389,1,0.00928061827745571,0.0355490221913976,1.28137352734801,0.0262684039139419,0.958333333333333,1,0.0381458179903085,0.15779568603169,1.32285152769583,0.119649868041381,0.958333333333333,1,0.0519879146732035,0.151825418337654,1.85202142709518,0.0998375036644506,0.958333333333333,1
7512,1,0.0083905887827309,0.017515822026167,0.89039478766337,0.00912523324343614,1,1,0.0471690191997689,0.0796239072944762,0.930074383980895,0.0324548880947074,1,1,0.0756675548205801,0.050356808331227,1.13744834366106,-0.0253107464893532,1,1
7656,0,0.00651517011045384,0.266015669880508,0.882091582697675,0.259500499770055,1,0.238095238095238,0.0284398808652494,0.956781094059869,1.10701197575121,0.928341213194619,1,0.238095238095238,0.0380952230557946,1.28603895667114,2.79567863413103,1.24794373361534,1,0.238095238095238
7772,0,0.0409445564349646,0.0274556174960363,0.869957564259092,-0.0134889389389283,0.818181818181818,0.826086956521739,0.157998477646602,0.134544538876442,0.902368442418373,-0.0234539387701597,0.818181818181818,0.826086956521739,0.146126233282628,0.11321819290806,1.23918200484121,-0.0329080403745687,0.818181818181818,0.826086956521739
7803,0,0.0384516719252925,0.108117523039693,0.515536914071605,0.0696658511144008,0.583333333333333,0.583333333333333,0.233860728525602,0.422703207049609,0.577111128580948,0.188842478524007,0.583333333333333,0.583333333333333,0.298424595045444,0.354759704736173,0.988873315448643,0.0563351096907292,0.583333333333333,0.583333333333333
7875,1,0.00697800526939397,0.049095870070378,1.60222828038607,0.042117864800984,1,1,0.0305128128589328,0.210700867188704,1.6513450078993,0.180188054329772,1,1,0.0378776656248083,0.224150466683505,2.76272646641253,0.186272801058697,1,1
7927,0,0.00904874905110349,0.026989985258012,1.60186693170631,0.0179412362069085,1,1,0.0405938090995155,0.118517660922896,1.64973267611313,0.0779238518233807,1,1,0.0600165278739418,0.104142786338876,2.273331988974,0.0441262584649346,1,1
7937,1,0.00836937365320816,0.0168740016259912,1.21192777477789,0.00850462797278308,1,0.91304347826087,0.0398254040083894,0.0879995449978454,1.27201302319158,0.048174140989456,1,0.91304347826087,0.042950247617813,0.08099101207876,1.57496291823933,0.038040764460947,1,0.91304347826087
8228,1,0.00855138376777786,0.118606174982687,0.721303604832919,0.110054791214909,0.875,0.5,0.0397729792110908,0.537096539136124,0.834556195457752,0.497323559925034,0.875,0.5,0.065365862427488,0.572585617649398,1.38442271647488,0.50721975522191,0.875,0.5
8251,1,0.00700251873773132,0.0311185683822744,1.62786209873353,0.0241160496445431,1,0.875,0.0309431645493471,0.156576158574191,1.74344836361771,0.125632994024844,1,0.875,0.0374034482030776,0.173813997532322,2.69034829214504,0.136410549329245,1,0.875
8604,1,0.0114817326028064,0.0198500032393531,1.18406147511723,0.00836827063654671,1,1,0.0653585740486082,0.0819312423407441,1.23098197608987,0.0165726682921359,1,1,0.0961734133673429,0.0599853437261798,1.63596481082031,-0.0361880696411631,1,1
8704,0,0.0141972741544793,0.0821040225792168,1.3802643624618,0.0679067484247375,0.956521739130435,0.782608695652174,0.053282571594558,0.321384978964686,1.3400629077311,0.268102407370128,0.956521739130435,0.782608695652174,0.0850427419374295,0.279934714061773,2.17509682971553,0.194891972124344,0.956521739130435,0.782608695652174
8925,1,0.00783515626335012,0.0976429735358164,0.811948956986611,0.0898078172724662,0.958333333333333,0.541666666666667,0.0332175354402827,0.446918461064316,0.910943023816152,0.413700925624033,0.958333333333333,0.541666666666667,0.0465273072861001,0.569294505988695,1.64761611365216,0.522767198702595,0.958333333333333,0.541666666666667
8949,0,0.0128554693529626,0.0674471044947259,0.747747885820357,0.0545916351417633,0.708333333333333,0.739130434782609,0.0786467448960059,0.257590167483142,0.775716496131477,0.178943422587136,0.708333333333333,0.739130434782609,0.111693666563698,0.207935660461437,1.1082614616132,0.0962419938977385,0.708333333333333,0.739130434782609
8987,0,0.0244973319625245,0.0222116497795129,1.57731223718152,-0.0022856821830116,0.91304347826087,0.875,0.127702594903361,0.124059457567103,1.75708469502556,-0.00364313733625804,0.91304347826087,0.875,0.109085434621657,0.111656651056542,2.43160684326922,0.00257121643488485,0.91304347826087,0.875
9045,0,0.0414736361582243,0.0936972646490054,1.2346106545561,0.0522236284907811,0.708333333333333,0.608695652173913,0.292373084983846,0.445635476532344,1.88948786066373,0.153262391548499,0.708333333333333,0.608695652173913,0.277366618333295,0.435255423683751,3.39006118222575,0.157888805350456,0.708333333333333,0.608695652173913
9203,0,0.00814188648913397,0.0170430165343105,2.67625573610255,0.00890113004517652,1,1,0.0362587282998395,0.0762609666604632,2.73387898288475,0.0400022383606238,1,1,0.0450219481536863,0.0592209891853061,3.87965634474397,0.0141990410316198,1,1
9350,0,0.00813961001097277,0.0170447242299074,2.67642048493359,0.00890511421893465,1,1,0.036258545219263,0.0762611240398605,2.73388641977033,0.0400025788205975,1,1,0.0450226468110302,0.0592201810142749,3.87965248102952,0.0141975342032447,1,1
9477,1,0.0316209767290277,0.0658331871637391,0.964765652361174,0.0342122104347114,1,1,0.0995650205913625,0.242587567110762,0.921997507069775,0.143022546519399,1,1,0.131145184819105,0.229020794892357,1.49195176405364,0.0978756100732522,1,1
9585,1,0.00814233399391087,0.017041080235193,2.67639644087668,0.00889874624128214,1,1,0.036258599456808,0.0762610600503158,2.7338843345982,0.0400024605935079,1,1,0.0450224805279101,0.0592203882020941,3.87964985493522,0.014197907674184,1,1
9593,1,0.0123171095958662,0.0191668433812785,1.06224665133607,0.00684973378541233,0.869565217391304,1,0.0606989192077068,0.0789639601122332,1.09288261147979,0.0182650409045263,0.869565217391304,1,0.1483725378292,0.0514568079762799,1.6464784916575,-0.0969157298529201,0.869565217391304,1
9620,1,0.00723506387237645,0.0292417939150805,1.48570671156281,0.022006730042704,0.958333333333333,0.956521739130435,0.0335289697177317,0.12050329387441,1.5134477485177,0.0869743241566787,0.958333333333333,0.956521739130435,0.0417026561411481,0.139668733136599,2.23445937475895,0.0979660769954506,0.958333333333333,0.956521739130435
9779,0,0.0107616156493264,0.073993836313014,0.914474008521208,0.0632322206636876,0.869565217391304,0.782608695652174,0.0488762122091687,0.266663075009905,0.897475192543363,0.217786862800737,0.869565217391304,0.782608695652174,0.0828601551564479,0.234107787132599,1.35628798631492,0.151247631976151,0.869565217391304,0.782608695652174
