"sub","reward_self","effort_self","reward_other","effort_other","diff_effort","diff_reward"
"155",0.716451059597666,-0.048103292387911,0.0220014354830344,-0.415711622378193,-0.367608329990282,-0.694449624114631
"332",0.716451059597666,-0.048103292387911,0.272820533763159,0.0335581453972101,0.081661437785121,-0.443630525834507
"548",0.71456245793376,-0.0481060293812452,0.0585448286563321,0.101701292145508,0.149807321526753,-0.656017629277428
"849",0.715328137715454,-0.0644325962781487,0.0564684043008203,0.0975600694467248,0.161992665724873,-0.658859733414634
"893",0.716451059597666,-0.048103292387911,0.055201842958416,0.0997593655238615,0.147862657911772,-0.66124921663925
"974",1.00205061663189,-0.705810032688751,0.357105763222488,-1.09823011089361,-0.392420078204858,-0.6449448534094
"1019",0.716451059597666,-0.048103292387911,0.318048299810948,-0.552814181042168,-0.504710888654257,-0.398402759786718
"1083",0.406406114095017,-0.989665807099248,0.0272819211991909,-1.18343583924925,-0.193770032150005,-0.379124192895826
"1126",0.721940949878026,-0.0537493487459369,0.0196264451553126,-0.00383606776931189,0.049913280976625,-0.702314504722714
"1252",-0.027158491802772,-0.541432740752399,-0.0372953751079878,-0.470517149172403,0.0709155915799959,-0.0101368833052159
"1363",-0.0647793747264507,-0.255001554292484,0.228490513600771,-0.349045426902623,-0.0940438726101392,0.293269888327222
"1423",0.713872251796725,-0.0497385264150297,0.198746082248716,0.0507162240974906,0.10045475051252,-0.515126169548009
"1499",0.688109376857346,-0.241913517861225,0.203429466624637,-0.380349557300924,-0.1384360394397,-0.484679910232709
"1867",0.197918228101613,-0.486964534297773,-0.0571523014658704,-0.421731041923198,0.0652334923745754,-0.255070529567483
"1870",0.724480612837821,-0.0673842095263894,0.275894882990783,-0.506951996068076,-0.439567786541687,-0.448585729847037
"2397",1.37596880374847,-0.652291915051286,0.429334752487955,-1.04197764165389,-0.3896857266026,-0.946634051260515
"2411",0.282956662914728,-0.403033389520267,0.10943525151557,0.20570024621836,0.608733635738627,-0.173521411399158
"2431",0.716451059597666,-0.048103292387911,0.335064512369478,0.0998464749935573,0.147949767381468,-0.381386547228187
"2690",0.944898145772583,-0.116910011510994,0.398140473448636,-0.252947422699337,-0.136037411188343,-0.546757672323947
"2803",-0.0578750461354838,-1.15452071815619,0.26192981651036,-1.23438166307525,-0.0798609449190586,0.319804862645844
"2854",0.716451059597666,-0.048103292387911,0.055201842958416,0.0997593655238615,0.147862657911772,-0.66124921663925
"2899",0.717856042792687,-0.060035998430866,0.145051336658759,-0.0588588965915038,0.00117710183936219,-0.572804706133928
"2959",0.967867915721947,0.022434252496183,0.328554785858138,0.00673192519768409,-0.0157023272984989,-0.639313129863809
"2998",1.70187665159386,-0.301737220574991,0.413736128662351,-0.444058684188467,-0.142321463613476,-1.28814052293151
"3103",1.27860638305568,-0.454575298225195,0.331516946651997,-0.587405861510614,-0.132830563285418,-0.947089436403681
"3178",0.57455392782402,-0.42985203965809,0.0086192951453124,0.046797747843161,0.476649787501251,-0.565934632678707
"3210",0.716451059597666,-0.048103292387911,0.0467236857099223,0.397251381894162,0.445354674282073,-0.669727373887743
"3228",0.450988802077682,-0.285382425682885,0.212248888510384,0.226116733884273,0.511499159567158,-0.238739913567298
"3472",0.714148969194144,-0.0486270173808449,0.192147823613017,-0.319772873912327,-0.271145856531482,-0.522001145581127
"3624",1.30512330297061,-0.703358562295046,0.607527441668039,-0.589872209157471,0.113486353137574,-0.697595861302573
"3771",-0.0335186893937864,0.0417503832179226,0.0102695545784809,0.0466341692970673,0.00488378607914478,0.0437882439722674
"3928",0.367581330453253,-0.441758083463098,0.05853619023439,0.0936793176915514,0.535437401154649,-0.309045140218863
"4164",-0.274631748471254,-0.200143084592071,0.0650070863455715,0.0894776177400606,0.289620702332132,0.339638834816825
"4231",0.716451059597666,-0.048103292387911,0.00262267597251278,-0.247258810567677,-0.199155518179766,-0.713828383625153
"4241",0.416227129568932,-0.134922906209561,0.0623492210588995,0.0785926093949242,0.213515515604486,-0.353877908510033
"4625",-0.0825589789635819,-0.520700374451427,0.219802230374944,-0.12985082536293,0.390849549088497,0.302361209338525
"4920",0.714148969194144,-0.0486270173808449,0.0547457367643025,0.10163600530043,0.150263022681275,-0.659403232429841
"4961",0.713269914304902,-0.0605871181406504,0.128334675330516,-0.23742128306818,-0.17683416492753,-0.584935238974386
"5096",0.716451059597666,-0.048103292387911,0.055201842958416,0.0997593655238615,0.147862657911772,-0.66124921663925
"5113",0.716451059597666,-0.048103292387911,0.423379671210438,-0.900000250668752,-0.851896958280841,-0.293071388387228
"5156",0.716451059597666,-0.048103292387911,0.23251911395073,-0.37905250907338,-0.330949216685469,-0.483931945646936
"5273",0.727320002262183,-0.263279061684806,0.201242312565791,-0.261852508101067,0.00142655358373905,-0.526077689696391
"5495",0.714015713346796,-0.0491581323389796,0.314821551215136,-0.188217141268157,-0.139059008929177,-0.39919416213166
"5654",0.716451059597666,-0.048103292387911,0.229262403012278,-1.03307953349816,-0.984976241110246,-0.487188656585387
"5822",0.716451059597666,-0.048103292387911,0.055201842958416,0.0997593655238615,0.147862657911772,-0.66124921663925
"5835",0.724327117441859,-0.0739094044436049,0.318746833309916,-0.221908169933371,-0.147998765489766,-0.405580284131943
"5918",0.734619068481025,-1.01320602497552,0.323971061463305,-1.1881180689771,-0.174912044001578,-0.410648007017721
"6055",0.45373363755644,-0.440050333090513,0.0428212038585934,-0.100607110334126,0.339443222756387,-0.410912433697847
"6121",0.716451059597666,-0.048103292387911,0.0561180605376718,0.0955622308034963,0.143665523191407,-0.660332999059994
"6246",0.72008569413147,-0.0573345134380738,0.210712164515042,-0.644615359177226,-0.587280845739152,-0.509373529616428
"6324",0.716451059597666,-0.048103292387911,0.242127022170453,-0.4447226327613,-0.396619340373389,-0.474324037427212
"6332",0.941868860762987,-0.281032176314226,0.0998618207726124,-0.0984595188123484,0.182572657501878,-0.842007039990374
"6335",0.716451059597666,-0.048103292387911,0.00714245154443816,-0.146060071604241,-0.0979567792163301,-0.709308608053227
"6397",0.714148969194144,-0.0486270173808449,0.0565092058670907,0.101665752793509,0.150292770174354,-0.657639763327053
"6469",0.695441285441042,-0.652656077452768,0.223040182113722,-0.687428479335052,-0.034772401882284,-0.47240110332732
"6495",0.947904369887421,-0.434275741742045,0.115459415033032,-0.488069339068322,-0.0537935973262763,-0.83244495485439
"6604",0.716451059597666,-0.048103292387911,0.055201842958416,0.0997593655238615,0.147862657911772,-0.66124921663925
"6644",0.116899129293606,-0.70679716318211,0.235699021004253,-0.134058847762998,0.572738315419113,0.118799891710646
"6707",0.717795753664514,-0.0479211144888417,0.0581115505583024,0.0919844960075409,0.139905610496383,-0.659684203106212
"7047",0.723981205759061,-0.0661840004918788,0.0627348527637775,0.0800278933561519,0.146211893848031,-0.661246352995284
"7107",0.721137592002087,-0.0522314871974804,0.176108857228504,0.223875675115722,0.276107162313203,-0.545028734773582
"7389",0.45373363755644,-0.440050333090513,0.0625357097477575,0.0846815653944004,0.524731898484914,-0.391197927808683
"7512",0.717136266387202,-0.0510772983539907,0.057728268884221,0.0954370270610782,0.146514325415069,-0.659407997502981
"7656",0.716451059597666,-0.048103292387911,0.119828377521931,-0.658561452529668,-0.610458160141757,-0.596622682075735
"7772",0.523269065743941,-0.555294686161993,0.303478853284996,0.00397363911822912,0.559268325280222,-0.219790212458945
"7803",-0.0689159694601288,-0.26054401091058,0.228616946857454,-0.664260874173194,-0.403716863262614,0.297532916317583
"7875",0.716451059597666,-0.048103292387911,0.0629870177100133,0.0772800772164,0.125383369604311,-0.653464041887652
"7927",0.714248465285553,-0.0505518122642185,0.059364143948897,0.0879700018520968,0.138521814116315,-0.654884321336656
"7937",0.723843906417213,-0.0537316600154079,0.210695227732664,0.429447742901369,0.483179402916777,-0.513148678684549
"8228",0.237384868517502,-0.195714713647248,0.168921343735437,-0.47413082741831,-0.278416113771062,-0.0684635247820657
"8251",0.716451059597666,-0.048103292387911,0.215693850252306,-0.191518867056959,-0.143415574669048,-0.500757209345359
"8604",0.719776403924817,-0.0601457369182943,0.0564001887480696,0.0911872831261124,0.151333020044407,-0.663376215176748
"8704",0.92406953332692,-0.441087089790923,0.262297989326786,-0.725774459523102,-0.284687369732178,-0.661771544000134
"8925",0.45373363755644,-0.440050333090513,0.0970050038947207,-0.230746313683366,0.209304019407148,-0.35672863366172
"8949",0.7116813906957,0.0630472655125717,0.147835572203165,-0.689470039838566,-0.752517305351138,-0.563845818492535
"8987",1.1542868643196,-0.399229634018489,0.39304475854275,0.250670632456109,0.649900266474598,-0.76124210577685
"9045",1.84440191987409,-0.149977838632743,0.628343121192205,-0.210417017569032,-0.0604391789362891,-1.21605879868189
"9203",0.716451059597666,-0.048103292387911,0.055201842958416,0.0997593655238615,0.147862657911772,-0.66124921663925
"9350",0.716451059597666,-0.048103292387911,0.055201842958416,0.0997593655238615,0.147862657911772,-0.66124921663925
"9477",0.723374400220611,-0.0715161267567589,0.0638286858568096,0.0585160022693415,0.1300321290261,-0.659545714363801
"9585",0.716451059597666,-0.048103292387911,0.055201842958416,0.0997593655238615,0.147862657911772,-0.66124921663925
"9593",-0.0683861558253596,-0.292946103342777,0.0579973691844622,0.09043800461058,0.383384107953357,0.126383525009822
"9620",0.961485462037647,0.0474666144317378,0.00610567866714656,-0.337293901149868,-0.384760515581605,-0.955379783370501
"9779",0.531690801116597,0.0327031843994191,0.0101638232299481,-0.751762245632952,-0.784465430032371,-0.521526977886649
