subject_id,grupo,k_self_parabolico_antiguo,k_other_parabolico_antiguo,beta_parabolico_antiguo,k_self_lineal_antiguo,k_other_lineal_antiguo,beta_lineal_antiguo,k_self_hiperbolico_antiguo,k_other_hiperbolico_antiguo,beta_hiperbolico_antiguo,k_self_parabolico_nuevo,k_other_parabolico_nuevo,beta_parabolico_nuevo,k_self_lineal_nuevo,k_other_lineal_nuevo,beta_lineal_nuevo,k_self_hiperbolico_nuevo,k_other_hiperbolico_nuevo,beta_hiperbolico_nuevo
155,0,1.49242346967476e-8,0.726797244703399,1.81952189458125,1.75853534159893e-9,0.681087422127889,1.81952156830089,4.32612284526329e-4,0.70996095901203,1.82125033921813,0.00672499332212691,0.0314242380262433,1.30803471459368,0.029225202691378,0.138494511241285,1.34827695038949,0.0338724104205812,0.18963694140598,2.15325645940491
332,1,1.51528133418319e-7,0.717065429182786,1.51360592833473,6.38615883199306e-8,0.731776208128859,1.51360569502095,0.0158053716687264,0.69011335083041,1.55882738670536,0.00652779142491812,0.0666937317792013,0.940757728527988,0.0283990862182183,0.350238811232283,1.09123275120176,0.0330435305629358,0.444962036054533,2.02738284219984
548,0,1.43938154250298e-8,0.750053268655988,18.8378367520216,4.53176926514867e-8,0.724527991757718,18.5805086084296,4.47018242578863e-8,0.750000039963416,18.8370928696111,0.0076011446249918,0.0164344239719285,1.75689461940764,0.0364116796961593,0.0782128479990434,1.82638519455396,0.047908608944497,0.055890351777456,2.30721463939956
849,1,5.41462456363623e-11,0.542182602421856,49.8520198803828,4.27824360097185e-8,0.750000374048086,18.6992271725775,9.72242642822384e-7,0.828984904734466,22.0533876008675,0.0373283767633001,0.017171730396964,1.54321163372924,0.128623703521574,0.0783080238656996,1.51783630015128,0.131112941630128,0.0682324102275505,2.18470238776692
893,1,1.41041775987358e-8,0.75019958536842,18.9016126554614,4.2549619120819e-8,0.976383628994936,18.8035412863448,7.87830966295989e-9,0.750047063093484,20.3062183466233,0.00814423140031121,0.0170426475500645,2.67636464382188,0.0362586535685994,0.0762613070082511,2.73388663893874,0.0450219471991174,0.0592208861207318,3.87965305704543
974,1,0.11342883987746,0.79494555600145,1.84772543635699,0.322243423616866,0.748886832249424,1.55115517375521,0.226708185832589,0.788454313720079,1.75567627221608,0.136093434327474,0.125296693171769,1.18658219790688,0.540851913736467,0.50163709360504,1.22994780942381,0.474606116407526,0.468645573356708,2.47190042867589
1019,1,0.605567296374793,0.659449238074578,0.941453441986705,1.49999545794486,0.750131636851658,1.33419167050911,1.49999948995064,0.885682055429989,4.29785167421799,0.00655668631761663,0.433750497156346,1.03774488210243,0.029819767293755,1.28754406001719,1.4949880432133,0.0466153647746969,1.5301472065537,4.13799112587611
1083,1,0.129609932485519,0.749774007898027,0.875298999909905,0.229361532570779,0.651657407366063,0.709738449512024,0.186879601717077,0.750033670365665,0.85048484784663,0.0828311516540659,0.121527110723999,1.35355703522361,0.27729419277363,0.444240610692196,1.08816043299657,0.25364219796836,0.392043697307802,2.16147504542705
1126,0,4.40528364179709e-8,0.727408606319157,2.02294805829329,1.39393600378882e-7,0.739978428091928,2.02294800379683,1.82793146254862e-7,0.754204965524337,2.02294840404684,0.00783396738251287,0.0548194836384355,0.849991475494607,0.0376105601567214,0.254594639640354,0.910169118473795,0.0475062645736158,0.280971161996995,1.37668821015267
1252,1,2.30445503006963e-8,0.641642738695417,0.888578049907257,2.73779270002803e-7,0.643905969927865,0.888578399230217,1.20706725763027e-7,0.649002512190544,0.88857820825383,0.0120349690004356,0.0282566867915007,0.802114202877509,0.0517711112119182,0.119790463009581,0.82436226581097,0.0891377120219976,0.122655050740936,1.16493073495272
1363,0,3.75814932575829e-7,0.68542821525213,0.523670775720082,1.75909629655837e-7,0.694493025054665,0.523670701009365,1.36203106109742e-7,0.6991565562828,0.523670769217583,0.018232682712821,0.0873890239909469,0.5570420786575,0.101107597995316,0.348288871880472,0.59262728354876,0.214521745348616,0.30213736345015,1.04344280400121
1423,1,1.59526730592915e-8,0.750000000000606,18.8962574229883,2.48527225975346e-10,0.484581258130665,40.1974949888973,2.79598968279515e-7,0.824263607421995,21.2646347974979,0.01142732920925,0.0175312763485653,1.65750665366184,0.0456765096880549,0.0817797730022172,1.6995572312504,0.0853604274040926,0.0639084459477699,2.42995914748212
1499,0,0.0993691375798215,0.750030075851327,0.853783206329767,0.394445648354218,0.665835197300268,0.962671024919824,0.625378632062038,0.772535134191936,1.61318182695495,0.00796598918143617,0.122870904296824,0.735200084057806,0.0389427457514624,0.569750845387311,0.88529752463004,0.0612446876648805,0.65936593536257,1.47891255668818
1867,0,0.743878087328301,0.803851400593247,2.43784402752169e-7,0.542736615736829,0.746799752150263,6.87004317585821e-8,0.670984067313905,0.748658300072882,9.53571553246144e-8,0.19483363751517,0.0710000751154539,0.474361889888611,0.78987354531688,0.304010308622598,0.565799474993071,0.678665377467738,0.398721630950528,1.1327521176204
1870,1,0.252648161190673,0.745188638682542,0.883096868991678,0.788588735037087,0.729782164086246,1.12494070482923,1.45269810595625,0.750603821055021,2.48279817795827,0.0102825422306223,0.236118578241767,0.69701095217979,0.0594029982948553,0.908341042773036,0.876726360610718,0.128987707302104,1.12085021137339,1.7895791846905
2397,0,0.162047115588152,0.750219816557403,1.72680396540338,0.513569293110496,0.768588324307165,1.74640047790981,0.472451141924019,0.780194605392422,2.18913042528833,0.0991660924207004,0.16593903084368,1.46454568109695,0.434176416625081,0.645045284904953,1.76512174562815,0.410960426283961,0.631071844421661,4.06319426001821
2411,1,7.36718504404619e-9,0.697467636258189,1.56262260675607,2.36110859940049e-8,0.688860634626985,1.56262287528355,9.64338151321601e-8,0.756866352369472,1.56262431488816,0.0134473023768769,0.0348362349585744,0.604985216131548,0.0646286090431732,0.155200934971147,0.635819519566514,0.120914975006227,0.168067440675079,0.952592771059429
2431,1,0.0131633310359262,0.750124776678736,1.16208943624692,0.146749889747993,0.749218982145913,1.30182613088739,0.233687705058581,0.752347471307112,1.72885723826216,0.00653435947946113,0.072356630305672,0.973302090624716,0.0288662077428705,0.414259611956146,1.24788502714905,0.0349778650951355,0.520476202841256,2.32045997496533
2690,0,0.0612359156536008,0.749790970246638,1.53361889977574,0.225302708158962,0.749756915917422,1.61132087555645,0.276893346159467,0.749979194487019,2.39888025082376,0.00733607592500002,0.0858227255012128,1.01566668330608,0.0360346122486236,0.410089674319093,1.17732686560296,0.049964160206708,0.398571554025553,1.78909786972168
2803,0,1.4999999835413,0.761926100332356,0.327658176806277,1.49999997576834,0.762782267562981,0.511562643181044,1.4999989652484,0.745979520173703,0.282695485922727,0.182644005433445,0.432614977241834,1.05182308764633,0.672623011210256,1.17045162708244,1.11074226784291,0.645402331581547,1.22249820158412,3.28104931159143
2854,0,1.41041775987358e-8,0.75019958536842,18.9016126554614,4.2549619120819e-8,0.976383628994936,18.8035412863448,7.87830966295989e-9,0.750047063093484,20.3062183466233,0.00814160649681211,0.0170431507100026,2.67643895145024,0.0362588183137787,0.076261044831275,2.73387799461922,0.0450218781511352,0.0592209832330682,3.87965419297934
2899,0,0.0510068843478717,0.750047801024203,0.836883453009622,0.26110064455349,0.700157675174063,0.935540607894589,0.656416640716801,0.757675398343015,1.4235793853903,0.00883550258349915,0.13155722929607,0.738679620796325,0.0390702666382047,0.601942099710172,0.892116378026819,0.0620366619977169,0.819611973253297,1.68892145223297
2959,0,0.0780054321390632,0.743624624467942,0.996871792393158,0.345567094386008,0.750063616389209,1.15696948979461,0.602263339953376,0.7892007332585,1.87934072970753,0.00852975762165589,0.11645002296283,0.713003194502842,0.0409307844343847,0.569727439549301,0.888223169355065,0.0656378772674579,0.73106440653095806,1.48018942579824
2998,0,0.17123142816568,0.749822925633118,1.2021202494841,0.601397014616213,0.755897965151117,1.52165752537771,0.908399055603295,0.745695106821967,2.69336522886669,0.0193084459591956,0.176482246974634,0.827621562627525,0.189805047388171,0.725276816268913,1.21404559098167,0.208384206093678,0.880505190600954,2.68506661447626
3103,1,0.0491337437566103,0.769810140116912,2.21592237944155,0.149468680337557,0.750015685649082,2.17244777132886,0.165584885991456,0.75899775803843,2.76584100651814,0.0116569069105538,0.100642252544331,0.987016618965995,0.0556921243434053,0.444882001873445,1.09978922048076,0.0866986525265545,0.474990314940839,2.02331660258936
3178,1,6.52935681529998e-9,0.693980805020411,1.58740096354192,5.16679278371787e-9,0.562338820181858,1.58740095368065,4.77774223467946e-9,0.587381990208218,1.58740087547333,0.0164141291925323,0.0162348157379601,1.19134768962809,0.0872766379204153,0.0739273830514257,1.25254113826952,0.103138030624931,0.0604408147592389,1.6747963909025
3210,1,6.73634927263795e-9,0.717913411772323,1.7939565610414001,1.17013053289614e-7,0.670651609992278,1.79395553832245,1.0879324474347e-7,0.633257647302592,1.79395695864961,0.00667570042039658,0.0228082500455748,1.24115747898091,0.029137173263538,0.126869379726554,1.32438456822825,0.0319782195679082,0.158080001493871,1.86487531154799
3228,1,5.77955831579689e-9,0.72649680854892,2.1815822022548,9.91938664193216e-8,0.740068235893791,2.18158258172289,8.56939702617522e-8,0.758512830999721,2.18158281513011,0.00801454377619853,0.0214505649102538,1.24231341858182,0.0355819345037836,0.108537445405336,1.30205513227192,0.0467135148137712,0.120267553013441,1.7813504046164
3472,0,1.64949980140383e-7,0.749986351547293,17.3204179324441,3.85028780332903e-7,0.750005455100664,17.3148924716698,7.02675677758604e-8,0.768718670352608,18.9744337063036,0.00817073456150643,0.0235160993080082,1.6924486576894,0.0382848941371155,0.0957045101934401,1.72029342772218,0.0639059907682355,0.0674550075161825,2.27022855555903
3624,0,0.139359025923096,0.753481268925747,1.5711363177374,0.492570595718532,0.774024768205678,1.8432487541757,0.471407946327682,0.830837231260425,2.19781698098617,0.110015624104704,0.149072572858722,1.38419952987851,0.482954572416362,0.62755629435899,2.09983789881772,0.449496271279342,0.657337082652202,4.53568254714391
3771,1,6.78705185675987e-9,0.552546295797253,1.53284638849671,2.15888982786624e-8,0.59767149880564,1.53284812465106,4.99317020926652e-7,0.605293726555025,1.53285011423566,0.00788778365638652,0.0175217415282693,1.02665954625118,0.0363672006055262,0.0823431236708554,1.06282909702071,0.0539483100454566,0.0671047822205062,1.31508633679362
3928,1,1.11081411512809e-9,0.740929806494989,2.04452121819337,1.72984918244181e-8,0.735439236069953,2.04452135377373,3.52700345661431e-8,1.17707777622983,2.0445199515105,0.0211969808089078,0.020908047311006,0.661181224243881,0.0878864898119851,0.10577347679155,0.692736109530232,0.110879977907642,0.117591947801052,0.955895699296384
4164,0,9.40000688242643e-9,0.383166177202902,0.987300732699033,2.81998361707054e-8,0.619781392565186,0.987300339899158,8.21002301299248e-8,0.530904215571898,0.987300500291723,0.0432691221616074,0.0206121062992619,0.782006272347053,0.240162676750679,0.0940860142927182,0.869301070640469,0.307569900422032,0.067710335561677,1.44474720665532
4231,0,1.6538275206145e-7,0.748217568099089,1.06872285561676,2.91577550070785e-7,0.673946234024972,1.0687226822337,0.172795522633462,0.735464136841694,1.51841572084395,0.0065247018330747,0.0667033850459672,0.940818693188172,0.0282550306184655,0.315362962738283,1.02774214712981,0.032196977549867,0.410128638771293,1.89837338592071
4241,1,6.06310920089493e-9,0.717254887865361,2.69000438777245,1.73404615908061e-8,0.783678393469393,2.69000530845256,1.52445213012467e-8,0.908377220858211,2.6900043760194,0.00967859783461194,0.0316819630680841,0.740558055578439,0.0463818399224501,0.137148264149434,0.769334822026557,0.0852519480623191,0.122549119947408,1.04259220945119
4625,1,0.674980338364444,0.790549523403871,1.84428086170535e-6,0.751560957254765,0.749953446055497,4.41470733478831e-7,0.705909634395015,0.797275025782031,5.45184433400447e-7,0.172603567987843,0.126205126772633,0.39926178231434,0.715051369818606,0.634621865302109,0.55858754064860106,0.707916752798388,0.858449430882674,1.44876474362631
4920,0,1.41201531489028e-8,0.750086585341542,18.8827761224466,2.3076808383504e-7,0.750002135154025,17.3342526674836,9.37540831658759e-7,0.850250684995253,22.6371309035943,0.00754277871646327,0.0156166092655112,1.36175283782721,0.0346151285027271,0.0720722885261774,1.40370132305722,0.0469941691628344,0.054189839674090703,1.72243290625683
4961,1,7.09971265268534e-8,0.739635976358129,2.00760343698731,2.11716751537586e-7,0.75318887554582,2.00760207419383,2.95056925621143e-7,0.766065385409989,2.00760417460564,0.0109028894530105,0.0349535493447771,0.697438338705479,0.0480939872047446,0.184056629850225,0.748642245680396,0.0732620504296784,0.211437988031157,1.0792286415038
5096,1,1.41041775987358e-8,0.75019958536842,18.9016126554614,4.2549619120819e-8,0.976383628994936,18.8035412863448,7.87830966295989e-9,0.750047063093484,20.3062183466233,0.0081432076663362,0.0170426913031291,2.67642345771214,0.0362586802796998,0.0762609943165124,2.73388059942047,0.0450219636222527,0.059220953620831,3.8796525289941
5113,0,1.4999994580488,0.680781921838133,3.66027011044418,1.49999951996101,0.921417709997472,3.79851621875698,1.49999991684072,0.661400351550236,9.16736563819563,0.00758407682355635,0.631679118321729,2.18674329103988,0.0342993364324038,1.3726601561404,2.38765813203093,0.0505859462386381,1.46139528754294,4.80548612593865
5156,0,6.58748462594995e-4,0.736434062942538,2.19732566181596,1.50644183583849e-7,0.74173111650732,2.19282426438506,0.00406354934887215,0.717888259239857,2.21341310320593,0.00724569771067598,0.0556064463142238,1.87318837944886,0.0319416693153716,0.240808818342638,1.94538715366447,0.0392576803621698,0.220640747738877,2.97457872488081
5273,1,2.19239216293144e-9,0.744573101323756,2.18158234255491,1.46866661249852e-7,0.741850807867765,2.18158271455942,1.9513352398456e-7,0.74350142541932,2.18158324357823,0.0116845456435278,0.0292490008025189,1.18037522487218,0.0584680642515062,0.128929642744466,1.22950947933242,0.083561313422578,0.138585837730389,1.83014470090996
5495,0,0.0628167910829209,0.748567018270276,1.27583538939033,0.243605460508126,0.752192549344509,1.35450467428436,0.324041846793915,0.77976324718019,1.90618210844761,0.00735878861060147,0.11113414879004,0.879664885819724,0.0328663537016994,0.510912903580546,1.03178383898958,0.0521270514374545,0.571264220683451,1.71191895404358
5654,0,0.233471392102421,0.700966490060969,1.32556196397267,0.687563415128563,0.754598069456539,1.5448316549799,0.841238168167524,0.778987908456995,3.02728754579225,0.00674005880050933,0.222563186251226,1.32821145082556,0.030114568668506,0.799252741982545,1.56298851900755,0.042627375428919,0.868137552883764,3.4986865064798
5822,1,1.41041775987358e-8,0.75019958536842,18.9016126554614,4.2549619120819e-8,0.976383628994936,18.8035412863448,7.87830966295989e-9,0.750047063093484,20.3062183466233,0.00814178902956605,0.0170415506476098,2.67636954865996,0.0362585911321553,0.0762610510123121,2.73388357826939,0.0450220569328362,0.0592209403287423,3.87965337698449
5835,1,1.57031057018818e-6,0.750083189534897,16.9529008105698,2.87678679301872e-7,0.75001421822918,18.5363237051714,5.88696994017116e-8,0.292228113610119,18.1210834032062,0.0148054126972746,0.0416892460690877,0.793719557773945,0.0838779184381137,0.239073275959823,0.902232512974359,0.100913300341885,0.248880623609623,1.34368271451919
5918,0,0.804933682231609,0.694097612713085,0.752325521418438,1.4999996485944,0.749904977051407,0.817525920103362,1.49999932725798,0.751825361211815,1.21296075955904,0.112237116443016,0.345668954557955,1.39922762755332,0.461316608611371,1.00392198531908,1.53408786972254,0.432504275342476,1.07212526985138,3.94423764994622
6055,0,9.1331078349163e-9,0.708551395669948,1.58740104587069,1.53695674247183e-7,0.654394053219046,1.5874010410073,2.42412411552881e-7,0.631023106841663,1.58740137518074,0.00921479469215118,0.0234207447735777,1.26632676394497,0.0381892950765323,0.117995278113597,1.32546754996627,0.0541663787947896,0.139409725748203,1.92818530526642
6121,0,1.41967979653206e-8,0.749818609103658,18.798628304134,4.23401721958023e-8,0.887974158783564,18.8903518191906,5.19565187247615e-8,1.28714309875236,15.3640547317675,0.00688288976662195,0.0195705174120942,1.49820633598562,0.0301212166559457,0.0978540380556911,1.56460871785861,0.0342253261308917,0.122959064678861,2.20637160859134
6246,1,0.670330213275324,0.693460763066078,0.798033151346175,1.49999994573008,0.751126457105635,1.1683103160057,1.4999999945714,1.14810669666384,3.88516332337018,0.00816120762378149,0.402320509844891,0.961385245773732,0.0373384851749382,1.22119604910332,1.27022990401387,0.0840930387509154,1.4702321767034,3.59736821800879
6324,1,0.11142282272826,0.749986531312754,1.27962227550231,0.416590494599691,0.734833929304686,1.42694330601963,0.555543817775018,0.793246655381766,2.43059108084691,0.00652127071047292,0.151227912830553,0.923742098628592,0.0286603814585261,0.665522427652679,1.18438867669389,0.0368043286049955,0.858420214367743,2.59832975681931
6332,1,0.277498683253993,0.747010028718089,0.470752328532012,0.96197662575697,0.752823947425952,0.674866223359036,1.49999998940753,0.76835256407672,2.16520169165232,0.00722201979528225,0.215284470743578,0.655114704406374,0.0318661031970528,0.906299940578555,0.885600169216202,0.0511113222563445,1.33311059571246,2.35883971622618
6335,0,6.5712196451857e-9,0.72925433013011,2.19282361917842,9.85593889995049e-8,0.738880795708491,2.19282400356709,3.170311278917e-8,0.743295846876816,2.19282376959564,0.00717945525865644,0.0204926293001806,1.80727807919013,0.031500343719866,0.0921430959059186,1.85810479482567,0.0373840461518659,0.109101709211989,2.68725989005609
6397,0,1.41149552700507e-8,0.750036144052245,18.8897111682964,4.25109700302212e-8,0.749987649267505,18.8085866896954,4.24390792960197e-8,0.749999988634441,18.8510052383789,0.00772959141967119,0.0158187780683815,1.46962157865237,0.0358281814827526,0.0735931996312458,1.51781176583318,0.0517938273280068,0.0532524093324268,1.89537819995134
6469,1,0.0473518388816561,0.755383723586573,1.57475992232188,0.100086152831623,0.745317197549447,1.48725443278419,0.131903251197556,0.770545233235719,1.82361404305825,0.0160571544343663,0.0909929739734663,1.17605809195858,0.0591485593581834,0.356115487817916,1.15175188438743,0.0978752582775513,0.300561074172244,1.86915272060379
6495,0,1.37313206010888e-7,0.695860697638622,1.80423026091196,1.01225471350442e-7,0.683888942516421,1.80422968756264,0.0287207931254923,0.722299917768165,1.92259428102665,0.00942285060230305,0.0559603917801016,1.0428265131386,0.0409696435727256,0.240922059991869,1.08365293692234,0.0518685034560359,0.26759058424597,1.71945724031042
6604,0,1.41041775987358e-8,0.75019958536842,18.9016126554614,4.2549619120819e-8,0.976383628994936,18.8035412863448,7.87830966295989e-9,0.750047063093484,20.3062183466233,0.00814093450837031,0.0170445497756663,2.67646535813661,0.0362585935427277,0.0762609303966416,2.73388048430507,0.0450217968089408,0.0592209555196318,3.87964267395035
6644,0,0.022272447249777,0.774580847114125,0.213064982996076,6.87774877823635e-4,0.715324402641763,0.202414853232543,1.98509372212514e-6,0.749989643947612,0.202310746106494,0.102189427186376,0.0836045197329072,0.573820187165749,0.377060949206698,0.39315051609396,0.623620491550787,0.296845410825551,0.445534584536819,1.04990709750748
6707,1,1.8246504095337e-8,0.683677315635068,19.7899433894983,4.69496089732228e-8,0.75002417069687,18.8881826708936,1.87241705533176e-7,0.975229131561535,27.7108428396788,0.00724676648942346,0.0201166243048121,1.22637623755688,0.0352491806371663,0.0937223384041073,1.27374899296572,0.0456093433601085,0.0808624542242256,1.59984079749573
7047,1,1.11358390667128e-7,0.749986403520464,17.1049129665118,6.15233826219683e-8,0.761594013369761,18.5717694082152,2.09967468491133e-7,0.940448247276621,30.6274603254323,0.014576293520087,0.0309597930728737,0.983673778012233,0.0910888141894694,0.141506666716763,1.05717274421593,0.114652781383465,0.135083539128195,1.54553308450705
7107,1,4.90346077370047e-8,0.69358670499198,1.04804801222464,1.1421410069499e-6,0.676360007130451,1.04804901222934,0.15787659551681,0.733834760490726,1.38406974125011,0.00836789252977698,0.0652214186953092,0.639384953909107,0.0381259167767515,0.362107808639581,0.739624899100592,0.0562924244078,0.523914816693762,1.22610435068565
7389,1,5.93422370000739e-9,0.72295359519024,2.7717278535941,8.47312693783668e-8,0.834619321886645,2.77172798426733,1.50233032477523e-8,0.856718510437316,2.7717279330561,0.00928061827745571,0.0355490221913976,1.28137352734801,0.0381458179903085,0.15779568603169,1.32285152769583,0.0519879146732035,0.151825418337654,1.85202142709518
7512,1,9.09334179948104e-8,0.749995982733855,17.2507172068004,4.24510611107723e-10,0.653560312969933,22.1236594769823,5.0111797347521e-8,0.749992291220786,18.7825162806759,0.0083905887827309,0.017515822026167,0.89039478766337,0.0471690191997689,0.0796239072944762,0.930074383980895,0.0756675548205801,0.050356808331227,1.13744834366106
7656,0,0.300331283222451,0.752243359304952,0.963526030504894,0.889613175551895,0.750030880623214,1.09120877382902,1.49999997108,0.748247352993688,2.38185502261082,0.00651517011045384,0.266015669880508,0.882091582697675,0.0284398808652494,0.956781094059869,1.10701197575121,0.0380952230557946,1.28603895667114,2.79567863413103
7772,0,1.61800534991513e-8,0.675509004748972,1.34621392554418,2.52597616935505e-7,0.654657750599249,1.34621433608362,7.25409353550115e-8,0.625315335651049,1.34621398159225,0.0409445564349646,0.0274556174960363,0.869957564259092,0.157998477646602,0.134544538876442,0.902368442418373,0.146126233282628,0.11321819290806,1.23918200484121
7803,0,0.14786364135907001,0.750717671262013,0.307136075045372,0.333290105345137,0.739405890868362,0.271243144581313,0.0955701289803426,0.745367571097295,0.2429270015538,0.0384516719252925,0.108117523039693,0.515536914071605,0.233860728525602,0.422703207049609,0.577111128580948,0.298424595045444,0.354759704736173,0.988873315448643
7875,1,1.68902988545506e-8,0.750008009569977,18.9513402715642,5.30095209097553e-8,0.750000226536251,18.8626600355921,2.89940944554421e-7,0.750016796839646,17.2439741227187,0.00697800526939397,0.049095870070378,1.60222828038607,0.0305128128589328,0.210700867188704,1.6513450078993,0.0378776656248083,0.224150466683505,2.76272646641253
7927,0,3.7082166940514e-9,0.749999998899314,19.6124485914412,5.26755246699241e-8,0.889764979529465,18.9857548460563,5.32381452916533e-8,0.750132626952051,18.7472682247491,0.00904874905110349,0.026989985258012,1.60186693170631,0.0405938090995155,0.118517660922896,1.64973267611313,0.0600165278739418,0.104142786338876,2.273331988974
7937,1,4.48461435094015e-9,0.751976497035054,2.82591484381044,7.70695814333961e-10,0.837314047082678,2.82591484218258,1.49993196501564e-8,0.855754071926531,2.82591486037728,0.00836937365320816,0.0168740016259912,1.21192777477789,0.0398254040083894,0.0879995449978454,1.27201302319158,0.042950247617813,0.08099101207876,1.57496291823933
8228,1,0.112566441649935,0.753144306797878,0.668087477246602,0.431970355092252,0.680777163124876,0.75224283657886,0.602448597754509,0.758355093864633,1.22942138008433,0.00855138376777786,0.118606174982687,0.721303604832919,0.0397729792110908,0.537096539136124,0.834556195457752,0.065365862427488,0.572585617649398,1.38442271647488
8251,1,2.47142470353547e-9,0.745576653798521,2.19282372990157,2.14403132773261e-7,0.737162398257017,2.19282413935,1.07451924763715e-7,0.72459063652141,2.1928243573475,0.00700251873773132,0.0311185683822744,1.62786209873353,0.0309431645493471,0.156576158574191,1.74344836361771,0.0374034482030776,0.173813997532322,2.69034829214504
8604,1,2.6111329066797e-9,0.750000001762392,20.4186664783823,4.26263563371341e-8,0.749957357649021,18.7648495743786,3.60881168412449e-10,0.737960139594902,22.1676526046597,0.0114817326028064,0.0198500032393531,1.18406147511723,0.0653585740486082,0.0819312423407441,1.23098197608987,0.0961734133673429,0.0599853437261798,1.63596481082031
8704,0,0.0411211203829524,0.740931038487434,2.09729257158827,0.0913620733773665,0.728988580749095,1.9762460876083,0.102013064545164,0.734556422779449,2.30215550734819,0.0141972741544793,0.0821040225792168,1.3802643624618,0.053282571594558,0.321384978964686,1.3400629077311,0.0850427419374295,0.279934714061773,2.17509682971553
8925,1,0.0791142907852502,0.750036353464453,0.759544476225028,0.27004874687146,0.736396622373906,0.783189903996491,0.517750906237966,0.706715707319452,1.23902432281647,0.00783515626335012,0.0976429735358164,0.811948956986611,0.0332175354402827,0.446918461064316,0.910943023816152,0.0465273072861001,0.569294505988695,1.64761611365216
8949,0,0.0488434122840814,0.750097665791924,0.95101929657104,0.0501228667397512,0.652564067501855,0.862988877915825,0.0906870040753981,0.749985820786587,1.00013568777097,0.0128554693529626,0.0674471044947259,0.747747885820357,0.0786467448960059,0.257590167483142,0.775716496131477,0.111693666563698,0.207935660461437,1.1082614616132
8987,0,1.76066341392884e-8,0.749992559131614,19.1309797168975,8.45577601525264e-8,0.749996338533895,18.921516233651,8.89057181363761e-8,1.13042109315449,17.9919223308321,0.024497331962524498,0.0222116497795129,1.57731223718152,0.127702594903361,0.124059457567103,1.75708469502556,0.109085434621657,0.111656651056542,2.43160684326922
9045,0,0.0720767966246044,0.749635882740317,2.90292885893631,0.263220911055343,0.765400388754726,3.15166656189979,0.25631105742316,0.755491968939981,4.26353592862536,0.0414736361582243,0.0936972646490054,1.2346106545561,0.292373084983846,0.445635476532344,1.88948786066373,0.277366618333295,0.435255423683751,3.39006118222575
9203,0,1.41041775987358e-8,0.75019958536842,18.9016126554614,4.2549619120819e-8,0.976383628994936,18.8035412863448,7.87830966295989e-9,0.750047063093484,20.3062183466233,0.00814188648913397,0.0170430165343105,2.67625573610255,0.0362587282998395,0.0762609666604632,2.73387898288475,0.0450219481536863,0.0592209891853061,3.87965634474397
9350,0,1.41041775987358e-8,0.75019958536842,18.9016126554614,4.2549619120819e-8,0.976383628994936,18.8035412863448,7.87830966295989e-9,0.750047063093484,20.3062183466233,0.00813961001097277,0.0170447242299074,2.67642048493359,0.036258545219263,0.0762611240398605,2.73388641977033,0.0450226468110302,0.0592201810142749,3.87965248102952
9477,1,1.67053322690279e-7,0.74996327531206,17.1045073030821,7.1346819787909e-8,0.749995141873092,18.6886028949529,1.33386398955855e-8,0.748419242263194,20.0223871221991,0.0316209767290277,0.0658331871637391,0.964765652361174,0.0995650205913625,0.242587567110762,0.921997507069775,0.131145184819105,0.229020794892357,1.49195176405364
9585,1,1.41041775987358e-8,0.75019958536842,18.9016126554614,4.2549619120819e-8,0.976383628994936,18.8035412863448,7.87830966295989e-9,0.750047063093484,20.3062183466233,0.00814233399391087,0.017041080235193,2.67639644087668,0.036258599456808,0.0762610600503158,2.7338843345982,0.0450224805279101,0.0592203882020941,3.87964985493522
9593,1,7.31688419373936e-9,0.699598045198051,1.57001607934957,5.29830128286791e-7,0.572574272648726,1.57001836332878,3.66524684805049e-7,0.610849784550685,1.57001719991897,0.0123171095958662,0.0191668433812785,1.06224665133607,0.0606989192077068,0.0789639601122332,1.09288261147979,0.1483725378292,0.0514568079762799,1.6464784916575
9620,1,9.25052848072927e-9,0.740009431914575,2.14704664093769,1.15749774282915e-7,0.738129083284601,2.14704596345365,8.0971019946432e-8,0.726436785931003,2.14704593306102,0.00723506387237645,0.0292417939150805,1.48570671156281,0.0335289697177317,0.12050329387441,1.5134477485177,0.0417026561411481,0.139668733136599,2.23445937475895
9779,0,0.0441897981716488,0.751421373025915,1.01089099031361,0.0132816886795267,0.756108364745618,0.898476279197843,0.133044151815004,0.742242807702885,1.1841868248051,0.0107616156493264,0.073993836313014,0.914474008521208,0.0488762122091687,0.266663075009905,0.897475192543363,0.0828601551564479,0.234107787132599,1.35628798631492
